image_id,labels
2007_000170,"bottle,person"
2007_000243,"aeroplane"
2007_000250,"bottle,diningtable"
2007_000464,"cow"
2007_000504,"cow,person"
2007_000559,"bottle,tvmonitor"
2007_000572,"bicycle"
2007_000648,"aeroplane,bus,car,person"
2007_000676,"sheep"
2007_000720,"dog"
2007_000733,"motorbike,person"
2007_000793,"bicycle,bus,person"
2007_000862,"boat,person"
2007_000904,"cow,horse,person"
2007_001027,"bicycle,chair,sofa,tvmonitor"
2007_001149,"pottedplant,sofa,tvmonitor"
2007_001175,"person,tvmonitor"
2007_001289,"bird"
2007_001299,"cow"
2007_001377,"aeroplane"
2007_001420,"horse,person,pottedplant"
2007_001439,"chair,diningtable"
2007_001487,"boat"
2007_001630,"bicycle,person"
2007_001677,"chair,diningtable"
2007_001698,"boat"
2007_001717,"chair,person,tvmonitor"
2007_001761,"aeroplane"
2007_001764,"cow"
2007_001901,"chair,diningtable,sofa"
2007_001960,"horse"
2007_002107,"aeroplane"
2007_002198,"aeroplane"
2007_002266,"aeroplane"
2007_002268,"cat,dog,sofa"
2007_002368,"chair,diningtable,sofa"
2007_002376,"aeroplane"
2007_002403,"bird,boat,person"
2007_002427,"pottedplant,sofa"
2007_002545,"bottle,person,sofa"
2007_002648,"sheep"
2007_002669,"cow,person"
2007_002728,"person,train"
2007_003101,"bus,car"
2007_003195,"bus,car"
2007_003431,"bottle,person"
2007_003506,"pottedplant"
2007_003587,"car,train"
2007_003621,"bicycle,bus,person"
2007_003889,"chair,horse,person"
2007_003917,"car"
2007_004065,"bus,person"
2007_004081,"cow,pottedplant"
2007_004193,"bottle,chair,tvmonitor"
2007_004476,"bottle,person"
2007_004649,"train"
2007_004712,"bottle,chair,diningtable,person,pottedplant"
2007_004830,"car,person"
2007_004969,"sheep"
2007_004988,"aeroplane"
2007_005058,"sheep"
2007_005074,"bird,boat,car"
2007_005086,"chair,diningtable,person"
2007_005124,"cow,person"
2007_005210,"tvmonitor"
2007_005248,"horse,person"
2007_005262,"bus,car"
2007_005273,"bicycle,car,person"
2007_005331,"car,horse,person"
2007_005430,"bicycle,bottle,person"
2007_005460,"cat"
2007_005600,"aeroplane,person"
2007_005759,"motorbike,person"
2007_005813,"pottedplant"
2007_005844,"chair,diningtable"
2007_005951,"motorbike,person"
2007_006066,"chair,sofa,tvmonitor"
2007_006086,"bottle,chair,diningtable"
2007_006281,"boat"
2007_006303,"cat,pottedplant"
2007_006317,"bicycle,bus,person"
2007_006348,"chair,tvmonitor"
2007_006364,"horse,person"
2007_006449,"bicycle"
2007_006605,"chair,pottedplant"
2007_006661,"bicycle,person"
2007_007021,"bottle,chair,diningtable"
2007_007084,"bird"
2007_007130,"pottedplant,tvmonitor"
2007_007165,"sheep"
2007_007203,"chair,person,tvmonitor"
2007_007211,"motorbike"
2007_007230,"sheep"
2007_007432,"chair,tvmonitor"
2007_007481,"bird"
2007_007524,"cat"
2007_007783,"bottle,motorbike,person"
2007_007890,"pottedplant"
2007_008256,"horse,person"
2007_008468,"chair,pottedplant,sofa"
2007_008670,"bird"
2007_008714,"aeroplane"
2007_008821,"chair,pottedplant,sofa"
2007_008964,"dog,person"
2007_008973,"cow"
2007_009088,"bird"
2007_009209,"motorbike,person"
2007_009252,"chair,pottedplant,sofa"
2007_009258,"bicycle,person"
2007_009392,"bus,car"
2007_009521,"chair,diningtable,sofa,tvmonitor"
2007_009533,"boat"
2007_009580,"train"
2007_009592,"dog,sofa"
2007_009649,"chair,person,tvmonitor"
2007_009687,"bottle,person"
2007_009738,"person"
2007_009750,"person,pottedplant"
2007_009756,"motorbike,person"
2007_009788,"bicycle,tvmonitor"
2007_009901,"chair,diningtable,person"
2007_009911,"aeroplane"
2008_000003,"person,train"
2008_000009,"cow"
2008_000036,"bicycle,boat,person"
2008_000037,"aeroplane"
2008_000043,"chair,diningtable,pottedplant"
2008_000093,"chair,sofa,tvmonitor"
2008_000097,"bird"
2008_000119,"horse,person"
2008_000144,"motorbike,person"
2008_000148,"boat"
2008_000191,"bicycle,boat,person"
2008_000192,"bird"
2008_000202,"bottle,chair,person,tvmonitor"
2008_000222,"cat,person"
2008_000226,"car,person"
2008_000227,"cat,chair,diningtable"
2008_000262,"boat"
2008_000297,"chair,person"
2008_000305,"chair,tvmonitor"
2008_000307,"person"
2008_000311,"diningtable,person"
2008_000313,"person"
2008_000315,"bus,car,motorbike,person"
2008_000335,"cow"
2008_000383,"person,tvmonitor"
2008_000393,"bottle,motorbike,person"
2008_000432,"chair,person"
2008_000437,"boat"
2008_000491,"pottedplant"
2008_000502,"cat"
2008_000531,"bicycle,car,person"
2008_000562,"bicycle,car,person"
2008_000583,"car,motorbike,person"
2008_000634,"person"
2008_000660,"cat,person"
2008_000670,"cat,sofa"
2008_000697,"bird"
2008_000703,"bottle"
2008_000705,"bottle,person"
2008_000706,"dog,person"
2008_000787,"bottle,person"
2008_000795,"bottle,person"
2008_000798,"bird"
2008_000815,"dog,person"
2008_000824,"cat,chair"
2008_000828,"car,person"
2008_000834,"boat,person"
2008_000853,"cat"
2008_000857,"pottedplant,sofa"
2008_000858,"motorbike"
2008_000904,"car,chair,person,tvmonitor"
2008_000914,"chair"
2008_000940,"person"
2008_000950,"cat,person"
2008_001013,"boat,person"
2008_001041,"boat"
2008_001046,"chair,person"
2008_001062,"car,cow"
2008_001068,"horse,person"
2008_001114,"person,train"
2008_001133,"chair,pottedplant,sofa"
2008_001150,"motorbike"
2008_001160,"aeroplane,boat"
2008_001199,"bottle,chair,person"
2008_001208,"car"
2008_001231,"bicycle,person"
2008_001283,"bird,person,pottedplant"
2008_001285,"dog"
2008_001304,"bottle,person"
2008_001359,"car,cow,person"
2008_001380,"aeroplane,person"
2008_001390,"bottle,person,sofa"
2008_001420,"boat,dog,person"
2008_001430,"dog"
2008_001432,"car,person"
2008_001434,"chair,diningtable,person,pottedplant"
2008_001440,"car,person"
2008_001461,"chair,dog,person,sofa,tvmonitor"
2008_001464,"horse,person"
2008_001481,"person,tvmonitor"
2008_001482,"bottle,person"
2008_001486,"bottle,person"
2008_001493,"chair,person"
2008_001503,"chair,person"
2008_001525,"motorbike,person"
2008_001531,"bicycle,person"
2008_001586,"car,motorbike"
2008_001626,"bicycle"
2008_001641,"chair,tvmonitor"
2008_001645,"horse,person"
2008_001660,"dog,person,sofa"
2008_001666,"chair,diningtable,person"
2008_001682,"horse"
2008_001691,"motorbike"
2008_001694,"chair,pottedplant,sofa"
2008_001710,"person,train"
2008_001727,"motorbike,person"
2008_001729,"horse,person"
2008_001751,"chair,person,pottedplant"
2008_001772,"chair,tvmonitor"
2008_001781,"pottedplant,sofa,tvmonitor"
2008_001862,"bottle,chair,dog,person,pottedplant"
2008_001869,"chair,pottedplant,sofa"
2008_001920,"person,tvmonitor"
2008_001932,"person"
2008_001956,"train"
2008_001961,"car"
2008_001977,"boat,person"
2008_001992,"horse,person"
2008_002000,"aeroplane,car"
2008_002009,"person,pottedplant"
2008_002032,"chair,diningtable,person"
2008_002061,"person,sheep"
2008_002079,"bottle,diningtable,person"
2008_002082,"bottle,chair,diningtable,sofa,tvmonitor"
2008_002098,"diningtable,person,pottedplant"
2008_002112,"bottle,chair,person"
2008_002115,"motorbike,person"
2008_002119,"chair,pottedplant,sofa,tvmonitor"
2008_002124,"bottle,person"
2008_002152,"cat"
2008_002153,"bottle"
2008_002182,"cat"
2008_002200,"bird"
2008_002204,"bicycle,car"
2008_002215,"cat"
2008_002247,"person"
2008_002250,"boat,bottle,person"
2008_002269,"bicycle"
2008_002270,"cow"
2008_002288,"chair"
2008_002299,"cat,person"
2008_002325,"person,train"
2008_002338,"horse"
2008_002343,"sheep"
2008_002358,"aeroplane"
2008_002395,"dog"
2008_002434,"person,sofa"
2008_002451,"bus,person"
2008_002452,"train"
2008_002459,"horse,person"
2008_002461,"car"
2008_002467,"bottle"
2008_002504,"boat"
2008_002506,"bottle,person"
2008_002508,"chair,diningtable,sofa"
2008_002515,"bicycle,person"
2008_002564,"diningtable,person"
2008_002567,"bottle,chair,diningtable,person"
2008_002610,"boat,dog,person"
2008_002621,"dog,person"
2008_002624,"bird"
2008_002639,"person"
2008_002665,"horse,person"
2008_002676,"chair,person,tvmonitor"
2008_002686,"cow,horse"
2008_002687,"dog,person"
2008_002697,"horse"
2008_002701,"bicycle"
2008_002709,"boat,cow"
2008_002746,"car,person"
2008_002767,"dog"
2008_002772,"motorbike"
2008_002773,"aeroplane,boat"
2008_002775,"bottle,diningtable,person"
2008_002784,"bird"
2008_002791,"bottle,person"
2008_002830,"person,sofa"
2008_002850,"boat"
2008_002883,"bicycle"
2008_002903,"chair,diningtable,sofa"
2008_002909,"bottle,diningtable,person"
2008_002920,"chair,person,sofa"
2008_002922,"person,sofa"
2008_002936,"dog"
2008_002948,"bicycle,motorbike,sofa"
2008_002965,"train"
2008_003051,"person,pottedplant"
2008_003052,"cat"
2008_003055,"horse"
2008_003079,"bottle,person"
2008_003082,"car,person"
2008_003112,"boat,person"
2008_003136,"chair,diningtable,person"
2008_003186,"bottle,person"
2008_003189,"aeroplane"
2008_003202,"car,person,tvmonitor"
2008_003213,"cat,tvmonitor"
2008_003242,"horse,person"
2008_003248,"person,tvmonitor"
2008_003256,"cow"
2008_003265,"chair,person"
2008_003266,"bus,person"
2008_003280,"bottle,chair,person,tvmonitor"
2008_003290,"bottle,chair,person"
2008_003302,"bus"
2008_003321,"bus,car"
2008_003333,"car,motorbike,person"
2008_003343,"cat"
2008_003351,"bicycle,chair,person"
2008_003373,"bus"
2008_003426,"bird"
2008_003430,"cat,sofa"
2008_003434,"pottedplant,tvmonitor"
2008_003439,"bird"
2008_003449,"boat"
2008_003461,"horse,person"
2008_003477,"chair,diningtable"
2008_003497,"dog"
2008_003498,"car,motorbike"
2008_003500,"tvmonitor"
2008_003501,"cat,chair"
2008_003504,"chair,person"
2008_003523,"person,pottedplant"
2008_003552,"person"
2008_003557,"cat"
2008_003571,"train"
2008_003589,"tvmonitor"
2008_003590,"motorbike"
2008_003593,"person"
2008_003596,"horse,person"
2008_003617,"bicycle,person"
2008_003619,"person"
2008_003636,"pottedplant"
2008_003652,"boat"
2008_003665,"dog,pottedplant"
2008_003677,"horse,person"
2008_003683,"bird"
2008_003691,"bus,car"
2008_003701,"boat"
2008_003726,"cat,chair,pottedplant"
2008_003737,"train"
2008_003743,"aeroplane,person"
2008_003744,"aeroplane"
2008_003753,"chair,diningtable,tvmonitor"
2008_003774,"chair,diningtable"
2008_003805,"horse,person"
2008_003819,"bicycle,person"
2008_003881,"chair,diningtable,person"
2008_003885,"tvmonitor"
2008_003905,"aeroplane"
2008_003913,"boat"
2008_003914,"chair,person"
2008_003939,"motorbike"
2008_003940,"bicycle,person"
2008_003942,"bird"
2008_003978,"car,dog,person,pottedplant"
2008_003986,"car"
2008_004046,"car,person"
2008_004054,"chair,person,sofa"
2008_004084,"motorbike,person"
2008_004087,"bird"
2008_004093,"tvmonitor"
2008_004103,"bird"
2008_004113,"bicycle,car,person"
2008_004142,"bicycle,car,person"
2008_004172,"sofa"
2008_004269,"person,sofa"
2008_004270,"person,sofa"
2008_004271,"sofa"
2008_004293,"diningtable,dog"
2008_004307,"car,person"
2008_004317,"bird"
2008_004321,"chair,diningtable,person,sofa,tvmonitor"
2008_004348,"aeroplane"
2008_004363,"bicycle"
2008_004371,"motorbike,person"
2008_004385,"bird"
2008_004389,"bottle,diningtable,person"
2008_004416,"sofa"
2008_004430,"horse"
2008_004435,"bottle,chair,person,pottedplant,sofa"
2008_004453,"sheep"
2008_004455,"person"
2008_004457,"chair,diningtable,person"
2008_004477,"pottedplant"
2008_004497,"pottedplant,sofa"
2008_004526,"tvmonitor"
2008_004549,"car,motorbike,person"
2008_004564,"bottle,chair,diningtable,person"
2008_004568,"motorbike,person"
2008_004570,"boat"
2008_004575,"diningtable,person"
2008_004584,"horse"
2008_004592,"bicycle,chair"
2008_004613,"bus,car"
2008_004667,"car"
2008_004716,"boat,person"
2008_004760,"dog"
2008_004763,"bird,dog"
2008_004764,"horse,person"
2008_004822,"motorbike"
2008_004832,"car,motorbike,person"
2008_004845,"dog"
2008_004849,"diningtable,person"
2008_004850,"car"
2008_004887,"chair,sofa"
2008_004899,"aeroplane,car,person"
2008_004908,"tvmonitor"
2008_004926,"bottle,person"
2008_004950,"dog,person"
2008_004982,"bottle,chair,diningtable"
2008_004998,"dog"
2008_005008,"pottedplant,tvmonitor"
2008_005016,"dog,person"
2008_005046,"dog,person"
2008_005057,"aeroplane"
2008_005074,"bus,car"
2008_005081,"chair,diningtable"
2008_005085,"train"
2008_005090,"bottle,person,sofa,tvmonitor"
2008_005097,"cow"
2008_005137,"dog"
2008_005139,"bus,car,motorbike,person"
2008_005166,"car,horse"
2008_005168,"bus,horse,person"
2008_005182,"bird,bottle,person"
2008_005186,"bird"
2008_005193,"cat"
2008_005215,"horse,person"
2008_005231,"person,tvmonitor"
2008_005236,"bottle,person,sofa"
2008_005240,"dog"
2008_005243,"motorbike,person"
2008_005248,"bottle,chair,pottedplant"
2008_005254,"tvmonitor"
2008_005257,"bottle,chair,diningtable,tvmonitor"
2008_005269,"train"
2008_005277,"bus,car,person"
2008_005279,"bird"
2008_005303,"bird"
2008_005304,"horse"
2008_005310,"aeroplane"
2008_005324,"bottle,person"
2008_005329,"chair,tvmonitor"
2008_005342,"bottle,chair,diningtable,tvmonitor"
2008_005349,"car"
2008_005378,"car"
2008_005417,"chair,pottedplant"
2008_005423,"motorbike,person"
2008_005433,"motorbike,person"
2008_005456,"chair"
2008_005467,"dog"
2008_005473,"horse"
2008_005477,"bird"
2008_005491,"aeroplane"
2008_005505,"sheep"
2008_005519,"chair,diningtable,person,pottedplant"
2008_005530,"boat"
2008_005538,"aeroplane"
2008_005553,"bicycle,person"
2008_005584,"bird"
2008_005593,"boat,car,motorbike"
2008_005618,"bird"
2008_005633,"sheep"
2008_005679,"dog"
2008_005687,"bird"
2008_005698,"chair,person"
2008_005699,"cat"
2008_005720,"boat,bus,car"
2008_005734,"bird"
2008_005763,"train"
2008_005770,"cat"
2008_005774,"bird"
2008_005798,"dog,pottedplant"
2008_005821,"bird"
2008_005831,"dog"
2008_005848,"chair,person"
2008_005878,"bus,car,person"
2008_005883,"dog"
2008_005889,"aeroplane,car"
2008_005890,"cat,dog"
2008_005891,"bus,car"
2008_005918,"tvmonitor"
2008_005929,"tvmonitor"
2008_005954,"chair,diningtable,pottedplant,sofa,tvmonitor"
2008_005967,"bottle,tvmonitor"
2008_005972,"car,dog,person"
2008_005976,"boat,person,tvmonitor"
2008_005984,"bus,car,person"
2008_005987,"sheep"
2008_006007,"dog,person"
2008_006021,"boat,person"
2008_006039,"diningtable,person"
2008_006052,"bottle,person,tvmonitor"
2008_006055,"train"
2008_006063,"cow"
2008_006145,"bottle,person,sofa"
2008_006178,"dog"
2008_006192,"bottle,chair,diningtable"
2008_006205,"motorbike,person"
2008_006210,"cow"
2008_006227,"bird"
2008_006233,"tvmonitor"
2008_006242,"motorbike"
2008_006244,"bus,car"
2008_006249,"aeroplane"
2008_006256,"person,sofa"
2008_006267,"person,tvmonitor"
2008_006269,"aeroplane"
2008_006275,"car,person,pottedplant"
2008_006295,"bottle,diningtable,person,pottedplant,tvmonitor"
2008_006298,"horse,person,sheep"
2008_006300,"chair"
2008_006310,"car,cow"
2008_006353,"aeroplane"
2008_006359,"bus"
2008_006365,"car,train"
2008_006366,"tvmonitor"
2008_006425,"dog,person"
2008_006448,"horse,person"
2008_006482,"chair,diningtable"
2008_006483,"bus,car,person"
2008_006488,"boat,person"
2008_006490,"boat"
2008_006496,"cow,person"
2008_006497,"motorbike,person"
2008_006543,"bottle,pottedplant,sofa"
2008_006549,"motorbike,person"
2008_006570,"person,sheep"
2008_006576,"cat,sofa"
2008_006587,"dog"
2008_006604,"aeroplane"
2008_006611,"chair,diningtable,person,pottedplant"
2008_006613,"horse,person"
2008_006621,"aeroplane"
2008_006624,"chair,pottedplant,tvmonitor"
2008_006626,"bird"
2008_006637,"aeroplane"
2008_006638,"car"
2008_006654,"boat"
2008_006657,"bottle,cat,person"
2008_006663,"bottle,diningtable,person"
2008_006671,"aeroplane"
2008_006705,"diningtable,person"
2008_006710,"bottle,chair,person,tvmonitor"
2008_006712,"bottle,chair"
2008_006715,"bird"
2008_006720,"boat"
2008_006743,"dog"
2008_006747,"boat"
2008_006776,"motorbike,person"
2008_006792,"bottle,chair"
2008_006817,"cat"
2008_006828,"chair,pottedplant"
2008_006832,"aeroplane"
2008_006833,"boat,car,person"
2008_006834,"chair,person"
2008_006857,"motorbike,person"
2008_006877,"boat"
2008_006881,"bird,person,pottedplant"
2008_006892,"person,sheep"
2008_006898,"motorbike"
2008_006908,"dog"
2008_006912,"horse,person"
2008_006920,"aeroplane"
2008_006921,"car"
2008_006926,"cat"
2008_006941,"bottle,person"
2008_006946,"tvmonitor"
2008_006950,"pottedplant"
2008_006981,"dog"
2008_006991,"horse,person"
2008_007009,"cow"
2008_007014,"cow"
2008_007021,"dog,sofa"
2008_007025,"cow"
2008_007038,"person,tvmonitor"
2008_007042,"pottedplant"
2008_007048,"chair,diningtable"
2008_007056,"boat,bus,person"
2008_007057,"dog"
2008_007058,"bottle,person"
2008_007069,"sheep"
2008_007076,"bottle"
2008_007082,"cat"
2008_007090,"car,motorbike,person"
2008_007123,"cow"
2008_007129,"person,sofa"
2008_007138,"car,motorbike,person"
2008_007142,"bottle"
2008_007143,"boat"
2008_007151,"cat"
2008_007166,"chair,diningtable,sofa"
2008_007169,"bottle,chair,dog,person,sofa"
2008_007211,"aeroplane"
2008_007217,"tvmonitor"
2008_007225,"car,person"
2008_007241,"car,motorbike"
2008_007245,"sheep"
2008_007252,"boat"
2008_007273,"cow"
2008_007277,"horse,person"
2008_007281,"bottle,chair,person,pottedplant,sofa,tvmonitor"
2008_007287,"chair,diningtable"
2008_007312,"dog"
2008_007336,"motorbike,person"
2008_007346,"boat,car,person"
2008_007352,"bus,car,person"
2008_007357,"aeroplane"
2008_007364,"car,pottedplant"
2008_007382,"boat"
2008_007393,"person,sofa"
2008_007402,"chair,diningtable,person"
2008_007409,"aeroplane,car,motorbike,person"
2008_007424,"horse"
2008_007441,"boat"
2008_007461,"dog,pottedplant"
2008_007469,"cat"
2008_007470,"bicycle,person"
2008_007544,"cow"
2008_007556,"cow,person"
2008_007558,"car,motorbike"
2008_007567,"bottle,dog,person,tvmonitor"
2008_007576,"horse,person"
2008_007584,"person,sofa"
2008_007597,"boat"
2008_007621,"dog,pottedplant"
2008_007643,"boat,person"
2008_007648,"person,train"
2008_007664,"bottle,chair,diningtable,dog,person"
2008_007669,"bird"
2008_007690,"aeroplane"
2008_007692,"chair,diningtable,person"
2008_007693,"sheep"
2008_007696,"bottle,person,tvmonitor"
2008_007714,"bird"
2008_007719,"bicycle,person"
2008_007737,"bottle,chair,person"
2008_007739,"car,motorbike"
2008_007761,"bicycle,person"
2008_007766,"bicycle,person"
2008_007777,"cat"
2008_007787,"person,train"
2008_007788,"bird"
2008_007806,"sheep"
2008_007814,"sheep"
2008_007816,"horse"
2008_007829,"train"
2008_007835,"pottedplant"
2008_007858,"bottle"
2008_007870,"bird"
2008_007882,"bicycle,person,pottedplant"
2008_007915,"bicycle"
2008_007918,"car,person,pottedplant"
2008_007941,"cat,chair,diningtable"
2008_007945,"horse"
2008_007962,"person,tvmonitor"
2008_007964,"cat"
2008_007969,"bus"
2008_007973,"pottedplant"
2008_007985,"sheep"
2008_007987,"tvmonitor"
2008_007997,"bus,car"
2008_007998,"bottle,horse"
2008_008029,"person,sofa"
2008_008043,"aeroplane,bus,car"
2008_008055,"train"
2008_008058,"motorbike,person"
2008_008075,"horse,person"
2008_008098,"chair,diningtable,person"
2008_008109,"sheep"
2008_008132,"cow"
2008_008134,"bird"
2008_008169,"cow"
2008_008175,"bird"
2008_008176,"chair,diningtable"
2008_008177,"car,motorbike"
2008_008197,"bird"
2008_008247,"aeroplane"
2008_008254,"aeroplane"
2008_008262,"car,horse,person"
2008_008263,"aeroplane"
2008_008268,"bird"
2008_008272,"diningtable,person,sofa"
2008_008292,"bird"
2008_008296,"horse"
2008_008301,"bus"
2008_008302,"train"
2008_008313,"sofa"
2008_008319,"person,sheep"
2008_008322,"car,sheep"
2008_008331,"pottedplant"
2008_008335,"diningtable,person"
2008_008343,"bus,car,person"
2008_008354,"bird"
2008_008366,"horse,person"
2008_008370,"cow"
2008_008379,"train"
2008_008388,"bottle,chair,diningtable,person"
2008_008391,"motorbike,person"
2008_008406,"bird"
2008_008411,"aeroplane"
2008_008424,"aeroplane"
2008_008428,"cow"
2008_008429,"tvmonitor"
2008_008496,"aeroplane"
2008_008517,"person,pottedplant,sofa"
2008_008526,"bottle,person,sofa"
2008_008537,"bird"
2008_008541,"cow"
2008_008578,"dog,sofa"
2008_008600,"person,sofa"
2008_008617,"cow"
2008_008621,"chair,pottedplant,sofa"
2008_008622,"dog,sofa"
2008_008629,"bicycle,person"
2008_008635,"cow"
2008_008637,"person,train"
2008_008641,"person,pottedplant,train"
2008_008654,"cow"
2008_008665,"sheep"
2008_008666,"sheep"
2008_008685,"cow"
2008_008695,"bicycle,person"
2008_008696,"train"
2008_008697,"person,train"
2008_008701,"bus,car,person"
2008_008718,"bicycle,person"
2008_008732,"train"
2008_008753,"bicycle,person"
2008_008758,"bicycle,person"
2008_008767,"train"
2008_008773,"bottle,chair,diningtable"
2009_000006,"bus"
2009_000040,"bird"
2009_000058,"bottle,diningtable,person"
2009_000059,"chair,person"
2009_000060,"bus,car,person"
2009_000063,"person"
2009_000074,"motorbike,person"
2009_000130,"bottle"
2009_000131,"motorbike"
2009_000135,"bus"
2009_000137,"train"
2009_000142,"dog,sofa"
2009_000149,"bicycle,person"
2009_000164,"chair,diningtable,person,pottedplant"
2009_000165,"car,person"
2009_000169,"car,horse,person"
2009_000216,"tvmonitor"
2009_000217,"pottedplant,sofa"
2009_000239,"bus,person"
2009_000247,"bottle,diningtable,person"
2009_000257,"bottle,diningtable,person"
2009_000280,"car,motorbike,person"
2009_000285,"cow"
2009_000289,"sheep"
2009_000290,"bus,car,person"
2009_000297,"pottedplant"
2009_000300,"diningtable,sofa"
2009_000304,"cat,chair"
2009_000308,"boat"
2009_000312,"horse"
2009_000320,"aeroplane"
2009_000330,"cat"
2009_000336,"tvmonitor"
2009_000342,"cat,sofa"
2009_000370,"bird"
2009_000378,"boat,person"
2009_000408,"bus,person"
2009_000411,"bottle,person"
2009_000414,"bottle"
2009_000418,"person,pottedplant,sofa"
2009_000419,"pottedplant"
2009_000420,"boat"
2009_000439,"chair,pottedplant,tvmonitor"
2009_000443,"train"
2009_000486,"bird"
2009_000488,"cat,pottedplant,tvmonitor"
2009_000501,"train"
2009_000505,"person,pottedplant,sofa"
2009_000515,"motorbike"
2009_000519,"bus,person"
2009_000522,"car,person"
2009_000523,"car"
2009_000557,"bus,car"
2009_000559,"cow"
2009_000577,"bottle,chair,dog,person,sofa"
2009_000615,"person,sofa"
2009_000631,"car"
2009_000632,"cow"
2009_000651,"dog"
2009_000672,"chair,sofa"
2009_000691,"horse"
2009_000705,"horse"
2009_000723,"boat"
2009_000741,"car,person"
2009_000759,"bottle,diningtable,person"
2009_000762,"chair"
2009_000779,"dog,sofa"
2009_000796,"aeroplane"
2009_000801,"aeroplane"
2009_000805,"bicycle"
2009_000811,"chair,diningtable"
2009_000817,"aeroplane"
2009_000820,"bicycle,person"
2009_000823,"horse"
2009_000834,"chair,diningtable,person"
2009_000837,"sheep"
2009_000843,"horse,person"
2009_000846,"diningtable"
2009_000848,"bottle,tvmonitor"
2009_000849,"bird"
2009_000852,"horse"
2009_000886,"bus,car"
2009_000894,"motorbike"
2009_000896,"bicycle,person"
2009_000897,"motorbike,person"
2009_000898,"bird"
2009_000920,"train"
2009_000926,"pottedplant,sofa"
2009_000927,"boat"
2009_000945,"bus"
2009_000960,"bus,person"
2009_000971,"cow"
2009_000989,"dog"
2009_000990,"bus,person"
2009_001054,"bottle,diningtable,person"
2009_001061,"motorbike"
2009_001078,"car,train"
2009_001079,"cow"
2009_001081,"cat,sofa"
2009_001083,"bus,car,person"
2009_001085,"chair,pottedplant"
2009_001100,"pottedplant"
2009_001110,"horse,person"
2009_001133,"dog,person,tvmonitor"
2009_001134,"cow"
2009_001135,"motorbike"
2009_001148,"bus,person"
2009_001151,"motorbike,person"
2009_001152,"train"
2009_001172,"sheep"
2009_001188,"tvmonitor"
2009_001195,"aeroplane"
2009_001197,"bus,car"
2009_001198,"cat"
2009_001229,"pottedplant"
2009_001236,"sheep"
2009_001243,"chair,sofa"
2009_001249,"chair,pottedplant,sofa"
2009_001257,"cow"
2009_001264,"bird"
2009_001286,"dog,person"
2009_001300,"train"
2009_001313,"chair,person,sofa"
2009_001321,"aeroplane,car"
2009_001323,"horse"
2009_001326,"bus,person"
2009_001333,"train"
2009_001361,"cat"
2009_001363,"tvmonitor"
2009_001370,"motorbike"
2009_001375,"bird"
2009_001411,"cat"
2009_001419,"cat"
2009_001433,"horse,person"
2009_001434,"chair,diningtable,person"
2009_001475,"cow"
2009_001505,"sheep"
2009_001514,"pottedplant"
2009_001516,"train"
2009_001544,"boat"
2009_001546,"car,person"
2009_001553,"dog,person,tvmonitor"
2009_001567,"boat"
2009_001587,"bird"
2009_001590,"bus,person"
2009_001594,"cow"
2009_001605,"bottle,dog,person,sofa,tvmonitor"
2009_001608,"chair,diningtable,person,sofa,tvmonitor"
2009_001644,"pottedplant,sofa,tvmonitor"
2009_001645,"motorbike"
2009_001646,"bicycle,motorbike,person"
2009_001653,"horse"
2009_001667,"pottedplant"
2009_001674,"bus"
2009_001677,"car,motorbike,person"
2009_001683,"bird"
2009_001699,"sheep"
2009_001706,"dog"
2009_001719,"cat,sofa"
2009_001738,"sheep"
2009_001747,"train"
2009_001750,"motorbike,person"
2009_001764,"motorbike,person"
2009_001768,"person,sheep"
2009_001774,"dog,sofa"
2009_001775,"chair,pottedplant,sofa"
2009_001800,"chair,diningtable"
2009_001806,"chair,pottedplant"
2009_001811,"bus,car"
2009_001828,"dog"
2009_001839,"tvmonitor"
2009_001848,"bottle,chair"
2009_001861,"car,person"
2009_001865,"person,train"
2009_001868,"train"
2009_001871,"chair,diningtable,sofa"
2009_001873,"cow"
2009_001894,"cat"
2009_001902,"dog"
2009_001907,"bottle"
2009_001910,"bus"
2009_001911,"horse"
2009_001959,"sheep"
2009_001961,"sofa,tvmonitor"
2009_001976,"chair"
2009_001984,"car,motorbike"
2009_001997,"bicycle,bus,car,person"
2009_002024,"diningtable"
2009_002047,"aeroplane"
2009_002053,"cat"
2009_002058,"bicycle,car,person"
2009_002072,"bird"
2009_002094,"tvmonitor"
2009_002097,"horse"
2009_002098,"chair,diningtable,person"
2009_002103,"car"
2009_002105,"bus,car,motorbike"
2009_002107,"chair,diningtable,person"
2009_002112,"horse,person"
2009_002118,"cow"
2009_002126,"bus,car,person"
2009_002133,"sheep"
2009_002145,"bicycle,car,person"
2009_002165,"horse"
2009_002171,"cow"
2009_002173,"boat"
2009_002180,"motorbike,person"
2009_002197,"car,train"
2009_002203,"bicycle,bus,car,motorbike,person"
2009_002204,"bottle"
2009_002214,"person,train"
2009_002239,"car,motorbike,person"
2009_002245,"sheep"
2009_002258,"aeroplane"
2009_002271,"bicycle,bus,car"
2009_002308,"boat,person"
2009_002325,"chair,sofa"
2009_002339,"horse"
2009_002343,"boat,car,person"
2009_002360,"cow"
2009_002362,"chair,pottedplant"
2009_002371,"bicycle"
2009_002380,"car"
2009_002382,"motorbike,person"
2009_002400,"bicycle"
2009_002425,"person"
2009_002432,"aeroplane"
2009_002445,"dog"
2009_002448,"aeroplane"
2009_002452,"chair,diningtable"
2009_002464,"bottle,dog,person"
2009_002471,"chair,diningtable,person"
2009_002500,"dog,person"
2009_002517,"bus,car"
2009_002518,"cow"
2009_002522,"dog,person,sofa"
2009_002524,"car,diningtable,person"
2009_002530,"boat"
2009_002542,"bicycle,cow,person"
2009_002558,"chair,sofa"
2009_002579,"bottle,diningtable,person"
2009_002584,"person,pottedplant"
2009_002586,"dog,person"
2009_002594,"bottle"
2009_002599,"aeroplane"
2009_002611,"sofa"
2009_002612,"chair,diningtable,sofa"
2009_002624,"train"
2009_002625,"aeroplane"
2009_002626,"bus"
2009_002638,"train"
2009_002651,"motorbike,person"
2009_002674,"aeroplane"
2009_002676,"car,train"
2009_002681,"dog,sofa"
2009_002683,"chair,sofa"
2009_002689,"train"
2009_002695,"car,train"
2009_002741,"pottedplant"
2009_002743,"chair,diningtable,person"
2009_002746,"motorbike"
2009_002752,"aeroplane,person"
2009_002759,"boat"
2009_002772,"cow,person"
2009_002774,"train"
2009_002778,"boat,person"
2009_002779,"bicycle"
2009_002784,"car,dog,motorbike,person"
2009_002790,"bottle,chair,diningtable,person"
2009_002849,"tvmonitor"
2009_002850,"bottle,person"
2009_002877,"bird"
2009_002883,"horse,person"
2009_002893,"dog,person,sofa"
2009_002902,"motorbike"
2009_002957,"horse"
2009_002967,"tvmonitor"
2009_002972,"cat,sofa"
2009_002995,"chair,tvmonitor"
2009_002999,"aeroplane"
2009_003018,"bus"
2009_003042,"bicycle,person"
2009_003059,"cow"
2009_003067,"bus"
2009_003068,"motorbike"
2009_003071,"chair,diningtable,person"
2009_003074,"pottedplant"
2009_003075,"bicycle"
2009_003123,"chair,diningtable,sofa"
2009_003127,"horse"
2009_003128,"horse,person"
2009_003144,"bottle"
2009_003156,"dog,sofa"
2009_003157,"chair,sofa,tvmonitor"
2009_003193,"bicycle"
2009_003214,"bottle,person,tvmonitor"
2009_003224,"bicycle"
2009_003238,"car,motorbike,person,pottedplant"
2009_003251,"bicycle,chair,diningtable,person,pottedplant"
2009_003255,"car,person"
2009_003257,"bird,person"
2009_003277,"dog"
2009_003285,"bird"
2009_003288,"pottedplant"
2009_003305,"horse"
2009_003372,"aeroplane"
2009_003373,"sofa,tvmonitor"
2009_003375,"dog"
2009_003385,"bus,person"
2009_003386,"car"
2009_003396,"aeroplane"
2009_003422,"bus,person"
2009_003430,"sheep"
2009_003461,"bus"
2009_003462,"boat,person"
2009_003467,"dog"
2009_003468,"bottle,diningtable,person"
2009_003492,"train"
2009_003497,"train"
2009_003507,"chair,diningtable,pottedplant"
2009_003511,"boat"
2009_003524,"aeroplane"
2009_003539,"motorbike"
2009_003541,"cat,sheep"
2009_003571,"aeroplane"
2009_003572,"horse"
2009_003577,"chair,diningtable,person"
2009_003581,"person,sofa"
2009_003583,"train"
2009_003614,"bus,person"
2009_003634,"cow"
2009_003635,"aeroplane"
2009_003639,"motorbike"
2009_003642,"pottedplant,sofa"
2009_003652,"boat"
2009_003666,"sheep"
2009_003677,"bird,chair,dog,pottedplant"
2009_003713,"bird"
2009_003725,"car,horse,person"
2009_003734,"horse,person"
2009_003743,"car,motorbike"
2009_003752,"chair,diningtable,person,pottedplant"
2009_003753,"person,tvmonitor"
2009_003757,"bus"
2009_003758,"train"
2009_003785,"person,sofa"
2009_003786,"dog"
2009_003808,"cow"
2009_003835,"chair,diningtable,sofa"
2009_003836,"bicycle,pottedplant"
2009_003873,"motorbike"
2009_003895,"chair,person,sofa,tvmonitor"
2009_003929,"pottedplant"
2009_003950,"aeroplane,person"
2009_003951,"person,train"
2009_003956,"cow"
2009_003965,"bottle,person,sofa"
2009_003971,"bicycle"
2009_003991,"chair,diningtable,person"
2009_003993,"bird"
2009_004032,"chair,diningtable,person,pottedplant"
2009_004044,"bird"
2009_004070,"sheep"
2009_004084,"bird"
2009_004085,"bottle,diningtable,person"
2009_004092,"chair,person"
2009_004093,"motorbike,pottedplant"
2009_004128,"cat,tvmonitor"
2009_004148,"boat,chair,person"
2009_004164,"sheep"
2009_004170,"train"
2009_004171,"car,sheep"
2009_004186,"cow"
2009_004197,"bus,car"
2009_004202,"car,motorbike,person"
2009_004207,"motorbike"
2009_004224,"boat,car,person"
2009_004228,"bottle,chair,diningtable,person,pottedplant"
2009_004244,"chair"
2009_004263,"chair,diningtable,pottedplant"
2009_004283,"pottedplant,sofa"
2009_004289,"cow"
2009_004290,"bus,car,person"
2009_004291,"cat,sofa"
2009_004308,"aeroplane"
2009_004309,"bottle,diningtable,person"
2009_004316,"cow"
2009_004322,"person,sofa"
2009_004329,"train"
2009_004350,"bus,person"
2009_004359,"chair,person,tvmonitor"
2009_004366,"cow"
2009_004371,"train"
2009_004383,"bus"
2009_004394,"bottle,cat,diningtable,pottedplant"
2009_004406,"person,train"
2009_004419,"chair,diningtable,sofa"
2009_004426,"chair,diningtable,pottedplant,sofa"
2009_004429,"chair,diningtable,person"
2009_004449,"sofa"
2009_004454,"horse"
2009_004492,"aeroplane"
2009_004494,"car"
2009_004532,"car,chair,diningtable,pottedplant"
2009_004547,"sheep"
2009_004562,"chair,diningtable,pottedplant"
2009_004590,"bus"
2009_004631,"chair,pottedplant,tvmonitor"
2009_004667,"bus,car,person"
2009_004677,"person,train"
2009_004679,"cow,person"
2009_004718,"chair,person,sofa"
2009_004721,"cat"
2009_004732,"bus"
2009_004763,"dog,tvmonitor"
2009_004768,"sheep"
2009_004782,"dog,person,sofa"
2009_004789,"bus"
2009_004794,"bottle,diningtable,person,pottedplant"
2009_004828,"dog"
2009_004831,"bicycle,person"
2009_004845,"motorbike"
2009_004847,"diningtable,person"
2009_004849,"chair,motorbike,person"
2009_004867,"bus"
2009_004885,"pottedplant"
2009_004886,"bird"
2009_004898,"bird"
2009_004901,"chair,pottedplant,sofa"
2009_004902,"tvmonitor"
2009_004919,"person,pottedplant"
2009_004930,"boat"
2009_004962,"bus,car,person"
2009_004972,"bicycle"
2009_004975,"chair,person"
2009_004977,"train"
2009_004990,"pottedplant"
2009_004993,"sofa,tvmonitor"
2009_005006,"boat,pottedplant"
2009_005015,"boat"
2009_005019,"aeroplane"
2009_005036,"aeroplane,car"
2009_005037,"cat"
2009_005061,"train"
2009_005069,"chair,diningtable,pottedplant"
2009_005083,"cat"
2009_005089,"sheep"
2009_005111,"aeroplane"
2009_005148,"train"
2009_005161,"horse"
2009_005163,"chair"
2009_005165,"chair,diningtable,pottedplant"
2009_005168,"bus,car,person"
2009_005170,"pottedplant"
2009_005171,"bottle,chair,diningtable"
2009_005177,"cat"
2009_005183,"bottle,chair,person"
2009_005201,"bus"
2009_005203,"bicycle,person"
2009_005211,"cat"
2009_005229,"cow,person"
2009_005239,"boat,person"
2009_005246,"train"
2009_005279,"bus,car,person"
2009_005288,"bottle,chair,tvmonitor"
2009_005307,"cow"
2010_000024,"boat"
2010_000043,"car,cat"
2010_000053,"tvmonitor"
2010_000063,"cow"
2010_000075,"bird"
2010_000084,"boat,person"
2010_000117,"sheep"
2010_000124,"chair,dog,person"
2010_000138,"horse"
2010_000145,"boat"
2010_000175,"cat"
2010_000189,"sheep"
2010_000227,"dog"
2010_000283,"horse"
2010_000285,"aeroplane"
2010_000307,"sheep"
2010_000327,"dog,sheep"
2010_000342,"bicycle"
2010_000347,"cat"
2010_000375,"bottle,person,tvmonitor"
2010_000390,"sheep"
2010_000393,"bird"
2010_000399,"pottedplant"
2010_000426,"bottle"
2010_000435,"chair,tvmonitor"
2010_000437,"aeroplane"
2010_000453,"dog"
2010_000462,"bicycle,person"
2010_000470,"chair,pottedplant"
2010_000490,"motorbike,person"
2010_000522,"car"
2010_000557,"bicycle"
2010_000604,"car,person"
2010_000616,"cat"
2010_000639,"chair,dog,pottedplant"
2010_000646,"chair"
2010_000658,"chair,sofa,tvmonitor"
2010_000671,"bottle,person,sofa"
2010_000674,"chair,tvmonitor"
2010_000707,"bird"
2010_000735,"sheep"
2010_000737,"cat,pottedplant"
2010_000747,"bicycle"
2010_000748,"boat,person"
2010_000759,"person"
2010_000764,"train"
2010_000782,"bottle,chair,diningtable"
2010_000792,"bottle,person"
2010_000806,"motorbike,person"
2010_000811,"dog"
2010_000836,"bird"
2010_000855,"bus,person"
2010_000874,"horse"
2010_000879,"dog"
2010_000887,"boat"
2010_000893,"bicycle,pottedplant,tvmonitor"
2010_000899,"dog"
2010_000907,"cow"
2010_000915,"bottle,chair,diningtable,person"
2010_000931,"person,tvmonitor"
2010_000952,"car"
2010_000954,"cow,person"
2010_000968,"chair,dog,person,pottedplant,sofa"
2010_000974,"cat,person,tvmonitor"
2010_000978,"sheep"
2010_000995,"motorbike"
2010_001009,"dog"
2010_001013,"bottle"
2010_001025,"cat"
2010_001032,"dog,person"
2010_001042,"bird"
2010_001049,"bicycle"
2010_001051,"sofa"
2010_001052,"train"
2010_001070,"cat"
2010_001076,"person,sheep"
2010_001077,"horse,person"
2010_001079,"sheep"
2010_001100,"cat"
2010_001104,"train"
2010_001105,"train"
2010_001112,"car,cow,dog,person"
2010_001119,"bicycle,person"
2010_001140,"cat,sofa"
2010_001151,"person,train"
2010_001159,"bird"
2010_001164,"boat"
2010_001177,"cat"
2010_001179,"sheep"
2010_001192,"person,sofa"
2010_001195,"cat"
2010_001199,"chair,diningtable"
2010_001205,"aeroplane"
2010_001206,"bicycle,bus,person"
2010_001225,"horse"
2010_001245,"person,sheep"
2010_001254,"bicycle,car,person"
2010_001256,"sheep"
2010_001263,"dog,person"
2010_001273,"dog"
2010_001277,"chair,sofa,tvmonitor"
2010_001282,"dog"
2010_001287,"diningtable,person,sofa"
2010_001310,"car,pottedplant"
2010_001325,"horse,person"
2010_001333,"cat,sofa"
2010_001338,"bicycle,bottle,person"
2010_001343,"chair,diningtable"
2010_001344,"cat"
2010_001357,"boat,person"
2010_001366,"chair,diningtable"
2010_001376,"dog"
2010_001386,"cat"
2010_001403,"bus,car"
2010_001405,"train"
2010_001406,"cow"
2010_001410,"bus"
2010_001412,"horse,person"
2010_001421,"dog"
2010_001453,"bus,car,person"
2010_001457,"cat"
2010_001468,"cat"
2010_001473,"dog"
2010_001479,"person,pottedplant"
2010_001501,"boat"
2010_001511,"chair,diningtable"
2010_001514,"bicycle,chair,sofa"
2010_001515,"train"
2010_001520,"bird"
2010_001552,"aeroplane,person"
2010_001560,"train"
2010_001594,"boat"
2010_001602,"cat"
2010_001607,"sheep"
2010_001614,"motorbike"
2010_001618,"sheep"
2010_001633,"dog"
2010_001644,"dog"
2010_001671,"cow"
2010_001692,"cow,person"
2010_001694,"cow"
2010_001699,"chair,person,pottedplant"
2010_001746,"sheep"
2010_001773,"pottedplant"
2010_001780,"tvmonitor"
2010_001787,"cat,pottedplant"
2010_001808,"bus,car,person"
2010_001810,"motorbike,person"
2010_001821,"car"
2010_001827,"cat"
2010_001846,"chair,diningtable,person"
2010_001849,"chair"
2010_001850,"car,dog,person"
2010_001862,"chair,person,pottedplant,tvmonitor"
2010_001884,"bottle,cat"
2010_001924,"dog"
2010_001941,"person,train"
2010_001950,"aeroplane"
2010_001951,"person,train"
2010_001967,"boat,person"
2010_002015,"sofa,tvmonitor"
2010_002019,"aeroplane"
2010_002047,"cow"
2010_002054,"sheep"
2010_002058,"person,sheep"
2010_002060,"dog"
2010_002070,"chair,diningtable,person"
2010_002073,"train"
2010_002106,"sheep"
2010_002124,"sheep"
2010_002130,"sheep"
2010_002136,"cat"
2010_002168,"bird,car,horse"
2010_002176,"sheep"
2010_002191,"chair,person,sofa"
2010_002195,"pottedplant"
2010_002203,"bus"
2010_002228,"dog"
2010_002232,"sheep"
2010_002242,"bird,bottle"
2010_002245,"person,tvmonitor"
2010_002247,"person,tvmonitor"
2010_002263,"bus,person"
2010_002269,"bottle,chair,diningtable,person"
2010_002294,"sheep"
2010_002305,"cat"
2010_002309,"dog"
2010_002315,"boat"
2010_002320,"cow"
2010_002356,"bus,car,person"
2010_002357,"aeroplane"
2010_002363,"car,person"
2010_002371,"cat"
2010_002388,"bottle"
2010_002392,"cat"
2010_002400,"chair,diningtable,person"
2010_002420,"train"
2010_002431,"cow,person"
2010_002456,"dog"
2010_002459,"horse"
2010_002462,"bottle,diningtable,person,pottedplant"
2010_002497,"bicycle,person"
2010_002507,"car,sheep"
2010_002518,"sheep"
2010_002583,"cat"
2010_002605,"chair,diningtable,pottedplant"
2010_002639,"chair,diningtable"
2010_002660,"bicycle"
2010_002665,"sheep"
2010_002674,"dog"
2010_002679,"dog,person"
2010_002684,"aeroplane"
2010_002701,"cow"
2010_002710,"cat,sofa"
2010_002725,"diningtable,person"
2010_002737,"person,sheep"
2010_002742,"bottle,chair,diningtable,person,pottedplant,tvmonitor"
2010_002770,"person,tvmonitor"
2010_002774,"bus"
2010_002781,"train"
2010_002797,"cow"
2010_002801,"bicycle"
2010_002805,"dog"
2010_002807,"bottle,car,dog,person"
2010_002811,"cat,chair,diningtable,sofa"
2010_002813,"dog"
2010_002820,"bicycle,person"
2010_002830,"chair,diningtable,pottedplant"
2010_002855,"cat,person"
2010_002865,"car,person"
2010_002873,"bird"
2010_002880,"chair,diningtable,person"
2010_002899,"boat"
2010_002900,"cat"
2010_002915,"bicycle,person"
2010_002921,"chair,tvmonitor"
2010_002927,"bicycle,person"
2010_002947,"aeroplane"
2010_002954,"aeroplane"
2010_002962,"person,sofa"
2010_002979,"dog,person"
2010_002993,"cat"
2010_003002,"chair,diningtable"
2010_003014,"person,sofa"
2010_003016,"cow,person"
2010_003027,"boat,chair,sofa"
2010_003035,"person,tvmonitor"
2010_003062,"bicycle,person"
2010_003067,"cat"
2010_003078,"chair,diningtable,person"
2010_003081,"bird"
2010_003091,"bottle,diningtable,person"
2010_003093,"bicycle,bottle,person"
2010_003094,"person,sheep"
2010_003101,"pottedplant"
2010_003114,"dog,sofa"
2010_003127,"aeroplane"
2010_003149,"chair,sofa"
2010_003151,"cat"
2010_003157,"chair,diningtable"
2010_003168,"bird"
2010_003179,"bus"
2010_003199,"bottle"
2010_003201,"cow"
2010_003206,"car"
2010_003219,"car,person"
2010_003236,"tvmonitor"
2010_003252,"sheep"
2010_003253,"sheep"
2010_003256,"car"
2010_003263,"diningtable,person"
2010_003264,"bicycle,car,person"
2010_003278,"sofa"
2010_003303,"motorbike,person"
2010_003331,"dog,sofa"
2010_003372,"sheep"
2010_003380,"horse"
2010_003405,"tvmonitor"
2010_003427,"cat"
2010_003429,"sheep"
2010_003432,"car,motorbike"
2010_003446,"bicycle,car,person"
2010_003514,"train"
2010_003520,"chair,diningtable,sofa"
2010_003526,"bird,person"
2010_003573,"horse,person"
2010_003588,"dog,person"
2010_003601,"train"
2010_003603,"bicycle,bottle,person"
2010_003612,"car,person"
2010_003629,"dog"
2010_003651,"pottedplant"
2010_003655,"aeroplane"
2010_003656,"car"
2010_003665,"cat,chair"
2010_003670,"dog,person,sheep"
2010_003672,"cat"
2010_003703,"bicycle,person"
2010_003719,"chair,person,tvmonitor"
2010_003723,"aeroplane"
2010_003724,"bird,person"
2010_003754,"sheep"
2010_003774,"sheep"
2010_003781,"bottle,cat,pottedplant"
2010_003845,"cat,chair"
2010_003856,"motorbike,person"
2010_003864,"chair,diningtable,pottedplant,sofa,tvmonitor"
2010_003890,"horse"
2010_003897,"diningtable"
2010_003906,"bicycle,person"
2010_003933,"aeroplane"
2010_003954,"sheep"
2010_003966,"cat"
2010_003981,"car"
2010_004021,"car,dog"
2010_004026,"bird"
2010_004030,"cow,dog"
2010_004037,"cat"
2010_004056,"bottle"
2010_004060,"cat"
2010_004062,"chair,pottedplant,sofa"
2010_004067,"person,sheep"
2010_004069,"bicycle,person"
2010_004072,"bicycle,pottedplant"
2010_004089,"dog,sheep"
2010_004092,"horse"
2010_004095,"chair,sofa,tvmonitor"
2010_004107,"horse"
2010_004108,"dog,sofa"
2010_004119,"motorbike"
2010_004123,"bird"
2010_004125,"chair,diningtable,person,sofa,tvmonitor"
2010_004184,"aeroplane"
2010_004219,"motorbike,person"
2010_004226,"sheep"
2010_004238,"aeroplane"
2010_004253,"boat"
2010_004254,"bottle,person,tvmonitor"
2010_004258,"car"
2010_004283,"cow"
2010_004288,"bottle"
2010_004322,"cow"
2010_004332,"person,sheep"
2010_004348,"bird,bus"
2010_004360,"diningtable,person"
2010_004363,"chair,horse"
2010_004371,"sheep"
2010_004385,"bird"
2010_004423,"aeroplane"
2010_004436,"cow,sheep"
2010_004456,"cow,person"
2010_004475,"person,train"
2010_004493,"boat,dog"
2010_004514,"sheep"
2010_004519,"horse"
2010_004520,"bottle"
2010_004550,"dog"
2010_004559,"bird,person"
2010_004585,"cat"
2010_004586,"dog,tvmonitor"
2010_004591,"tvmonitor"
2010_004597,"diningtable,person"
2010_004621,"cat"
2010_004625,"bus,car,person"
2010_004655,"cow"
2010_004712,"cat,chair,pottedplant"
2010_004721,"aeroplane"
2010_004730,"dog"
2010_004733,"dog"
2010_004743,"cat,person,sofa"
2010_004750,"dog"
2010_004753,"cat,chair"
2010_004773,"boat,person"
2010_004777,"bird"
2010_004778,"bottle,chair,diningtable,person"
2010_004791,"aeroplane"
2010_004793,"chair,diningtable"
2010_004825,"chair,diningtable,pottedplant"
2010_004832,"dog"
2010_004844,"bus,car,motorbike,person,pottedplant"
2010_004852,"boat,car"
2010_004868,"sheep"
2010_004878,"bicycle,person"
2010_004891,"cat"
2010_004908,"dog,pottedplant"
2010_004909,"bottle,chair,diningtable"
2010_004937,"diningtable,person,pottedplant"
2010_004951,"person,train"
2010_004952,"chair,person"
2010_004982,"chair,pottedplant,tvmonitor"
2010_004995,"car,motorbike,person"
2010_005022,"aeroplane"
2010_005049,"dog,person,sofa,tvmonitor"
2010_005075,"car"
2010_005094,"chair,diningtable"
2010_005098,"sheep"
2010_005106,"aeroplane,person"
2010_005110,"chair,person,sofa"
2010_005118,"bus,person"
2010_005123,"bus,car"
2010_005133,"bottle,tvmonitor"
2010_005166,"cow,person"
2010_005183,"sheep"
2010_005193,"cat,sofa"
2010_005198,"boat"
2010_005206,"dog"
2010_005211,"bicycle,car,chair"
2010_005216,"cat"
2010_005223,"cow"
2010_005238,"cat,chair"
2010_005243,"chair,horse,person,tvmonitor"
2010_005277,"bus,person"
2010_005284,"bus,car,person"
2010_005323,"car"
2010_005345,"tvmonitor"
2010_005346,"motorbike,person"
2010_005350,"bird,person"
2010_005371,"car,chair,tvmonitor"
2010_005379,"bottle,diningtable,person"
2010_005388,"chair,sofa"
2010_005389,"bus,person"
2010_005416,"sheep"
2010_005419,"bottle,dog,person"
2010_005421,"cat"
2010_005433,"motorbike"
2010_005441,"bottle"
2010_005452,"bird,horse"
2010_005475,"dog"
2010_005527,"bus,person"
2010_005565,"train"
2010_005591,"train"
2010_005596,"bus,person"
2010_005619,"motorbike,person"
2010_005625,"dog"
2010_005628,"chair,dog,person,pottedplant"
2010_005636,"bus,person"
2010_005654,"bottle,chair,diningtable,person"
2010_005668,"cow"
2010_005676,"person,tvmonitor"
2010_005688,"sheep"
2010_005697,"cat,person"
2010_005706,"train"
2010_005725,"bird"
2010_005731,"motorbike"
2010_005733,"car,horse,person"
2010_005735,"cat,dog"
2010_005736,"sheep"
2010_005740,"sheep"
2010_005755,"chair,diningtable"
2010_005763,"cat"
2010_005764,"chair,diningtable,person,tvmonitor"
2010_005810,"bicycle,person,train"
2010_005815,"dog,person"
2010_005827,"tvmonitor"
2010_005855,"cat"
2010_005860,"bicycle,car,pottedplant"
2010_005919,"horse"
2010_005922,"cow"
2010_005980,"sofa"
2010_005986,"sheep"
2010_006000,"bottle,chair,person"
2010_006063,"bicycle"
2010_006070,"bicycle,car"
2010_006073,"sofa"
2010_006079,"dog,person,sofa"
2010_006187,"person"
2010_006222,"person"
2010_006833,"person"
2011_000003,"bottle,person"
2011_000006,"chair,person,sofa"
2011_000007,"bus,car,person"
2011_000022,"horse,person"
2011_000025,"bus,car"
2011_000036,"chair,pottedplant,tvmonitor"
2011_000038,"person,tvmonitor"
2011_000069,"cow,person"
2011_000070,"sofa"
2011_000071,"chair,person,tvmonitor"
2011_000072,"chair,person,pottedplant,sofa,tvmonitor"
2011_000086,"boat,car"
2011_000095,"bus,car,person"
2011_000103,"aeroplane"
2011_000137,"person,sofa"
2011_000145,"pottedplant"
2011_000166,"cow"
2011_000173,"sofa"
2011_000196,"bottle,chair,diningtable,person,pottedplant"
2011_000210,"horse,train"
2011_000216,"dog"
2011_000224,"sofa"
2011_000249,"car,person"
2011_000253,"chair,pottedplant,tvmonitor"
2011_000304,"person,pottedplant,sofa"
2011_000312,"bus"
2011_000315,"motorbike"
2011_000320,"bird,person"
2011_000332,"bottle,motorbike,person,sheep"
2011_000342,"boat,person"
2011_000383,"chair,person"
2011_000388,"pottedplant"
2011_000397,"motorbike"
2011_000399,"sofa,tvmonitor"
2011_000434,"person,sofa,tvmonitor"
2011_000436,"sheep"
2011_000438,"bottle,person"
2011_000444,"tvmonitor"
2011_000453,"bicycle,bottle,person"
2011_000454,"sheep"
2011_000512,"motorbike"
2011_000531,"aeroplane"
2011_000542,"dog"
2011_000559,"bus,car,person"
2011_000566,"cow,person"
2011_000572,"chair,pottedplant,sofa"
2011_000575,"chair,person"
2011_000608,"chair,pottedplant,sofa,tvmonitor"
2011_000622,"bottle,diningtable"
2011_000627,"train"
2011_000657,"person,sofa"
2011_000661,"cat,chair"
2011_000669,"bird"
2011_000673,"bird"
2011_000692,"diningtable,person"
2011_000709,"dog"
2011_000731,"chair,diningtable,person,pottedplant"
2011_000744,"boat"
2011_000759,"sheep"
2011_000770,"motorbike"
2011_000788,"dog"
2011_000815,"chair,diningtable"
2011_000823,"bottle,chair,diningtable,person,pottedplant"
2011_000830,"bus"
2011_000874,"aeroplane,person"
2011_000875,"bottle,chair,diningtable,pottedplant"
2011_000888,"bus,person"
2011_000895,"train"
2011_000920,"bottle"
2011_000932,"chair,diningtable,person"
2011_000996,"bottle,diningtable,person"
2011_000999,"cat"
2011_001022,"motorbike,pottedplant"
2011_001025,"bicycle,car,person,pottedplant"
2011_001040,"motorbike"
2011_001058,"bottle,diningtable,person,tvmonitor"
2011_001081,"aeroplane"
2011_001105,"bus,car,person"
2011_001117,"bird"
2011_001128,"cat"
2011_001161,"boat,person"
2011_001163,"cow"
2011_001168,"bottle,person"
2011_001176,"boat"
2011_001188,"aeroplane"
2011_001189,"bird,boat"
2011_001190,"car"
2011_001192,"sofa"
2011_001201,"person,sofa"
2011_001208,"chair,diningtable,pottedplant"
2011_001211,"bird"
2011_001213,"bicycle,person"
2011_001227,"bus,car,person"
2011_001240,"sheep"
2011_001245,"horse"
2011_001251,"horse"
2011_001253,"car,horse,person"
2011_001255,"bus,car,person"
2011_001281,"train"
2011_001284,"dog"
2011_001341,"bus"
2011_001344,"dog"
2011_001366,"chair,diningtable"
2011_001381,"train"
2011_001382,"bottle,diningtable,person,pottedplant"
2011_001387,"person,tvmonitor"
2011_001399,"cow"
2011_001407,"aeroplane"
2011_001414,"cat"
2011_001422,"bicycle,person"
2011_001466,"chair,pottedplant,sofa,tvmonitor"
2011_001505,"bird"
2011_001521,"bottle,chair,person"
2011_001525,"train"
2011_001530,"cow,person"
2011_001531,"sofa"
2011_001535,"bicycle,car,person"
2011_001538,"bicycle,bottle,person"
2011_001563,"person"
2011_001566,"bicycle,chair,pottedplant"
2011_001567,"chair,person,sofa"
2011_001571,"bottle,chair,diningtable,person"
2011_001582,"boat,person"
2011_001589,"boat"
2011_001592,"boat"
2011_001596,"car"
2011_001616,"chair,diningtable,person"
2011_001655,"person,train"
2011_001671,"train"
2011_001674,"person,sofa"
2011_001691,"person,sofa"
2011_001693,"boat"
2011_001700,"bottle,chair,person"
2011_001713,"pottedplant,sofa"
2011_001720,"bottle"
2011_001722,"horse"
2011_001726,"pottedplant,tvmonitor"
2011_001732,"bicycle,person"
2011_001733,"cat,sofa"
2011_001748,"bus"
2011_001755,"person,sofa"
2011_001771,"boat,person"
2011_001793,"boat"
2011_001805,"cow,dog"
2011_001806,"bicycle"
2011_001819,"bottle,chair,diningtable,person"
2011_001820,"bottle,diningtable,person,pottedplant,sofa"
2011_001824,"aeroplane,car"
2011_001833,"chair,tvmonitor"
2011_001847,"bottle,chair,diningtable"
2011_001862,"chair,diningtable,dog,pottedplant,sofa"
2011_001866,"bird"
2011_001870,"bus,person"
2011_001871,"aeroplane"
2011_001884,"chair,diningtable"
2011_001893,"horse"
2011_001901,"boat,car,person"
2011_001914,"bicycle,bottle,person,sofa"
2011_001928,"person,pottedplant,tvmonitor"
2011_001938,"bottle,chair,person,tvmonitor"
2011_001942,"cow"
2011_001945,"bicycle"
2011_001961,"boat,car,person"
2011_001971,"cat"
2011_001974,"sofa"
2011_001982,"car"
2011_001986,"sheep"
2011_002002,"bicycle,car,person"
2011_002003,"bicycle"
2011_002006,"bicycle,bottle,person"
2011_002027,"sheep"
2011_002034,"cat"
2011_002041,"chair"
2011_002064,"bicycle,car"
2011_002085,"boat,person"
2011_002106,"car,person"
2011_002107,"motorbike"
2011_002111,"bicycle,bottle,car,person"
2011_002113,"bicycle,bottle,person"
2011_002135,"bicycle,bottle,car,person"
2011_002142,"diningtable,person"
2011_002169,"sheep"
2011_002185,"bottle,diningtable"
2011_002189,"cow"
2011_002192,"bicycle,person"
2011_002218,"tvmonitor"
2011_002223,"bicycle"
2011_002236,"bottle,motorbike,person"
2011_002246,"bird"
2011_002269,"aeroplane"
2011_002272,"cow"
2011_002318,"bottle,pottedplant"
2011_002322,"car,motorbike,person"
2011_002327,"aeroplane,person"
2011_002358,"bottle,chair,diningtable,person"
2011_002381,"bird"
2011_002385,"train"
2011_002387,"bottle"
2011_002388,"bicycle,car"
2011_002391,"chair,pottedplant,sofa"
2011_002396,"train"
2011_002406,"bicycle"
2011_002413,"motorbike,person"
2011_002414,"dog,sofa"
2011_002421,"boat"
2011_002422,"bottle,chair,diningtable,person"
2011_002453,"pottedplant"
2011_002455,"bicycle,person"
2011_002459,"boat,person"
2011_002460,"bus"
2011_002476,"motorbike,person"
2011_002484,"car,person"
2011_002520,"horse"
2011_002536,"car,person"
2011_002543,"bicycle,chair"
2011_002553,"bottle,person,sheep"
2011_002555,"horse,person"
2011_002578,"bird,boat,person"
2011_002584,"cow"
2011_002588,"boat,person"
2011_002609,"cow"
2011_002617,"aeroplane"
2011_002657,"bicycle"
2011_002664,"cat"
2011_002676,"car"
2011_002719,"cow"
2011_002725,"car,person"
2011_002730,"horse,person"
2011_002738,"train"
2011_002779,"train"
2011_002780,"bus,person"
2011_002784,"pottedplant,sofa"
2011_002786,"motorbike"
2011_002803,"bottle,chair,diningtable,person"
2011_002811,"bicycle,person"
2011_002814,"bottle,chair,diningtable,pottedplant,sofa,tvmonitor"
2011_002842,"bottle,chair,person,tvmonitor"
2011_002854,"boat"
2011_002870,"chair"
2011_002883,"cat"
2011_002884,"horse,person"
2011_002920,"bottle,diningtable,person"
2011_002925,"bus,car,person"
2011_002927,"bottle,chair,diningtable,pottedplant"
2011_002940,"bottle,diningtable,person"
2011_002951,"horse"
2011_002958,"bicycle,person"
2011_002983,"dog,horse,person"
2011_002994,"chair,diningtable"
2011_003010,"bottle,dog,person"
2011_003019,"car,cow,motorbike,person"
2011_003025,"boat"
2011_003028,"train"
2011_003030,"bird"
2011_003038,"bottle,person,pottedplant,sofa"
2011_003054,"bicycle,motorbike,person"
2011_003063,"bicycle,motorbike"
2011_003065,"bus,car"
2011_003078,"motorbike,person"
2011_003086,"bus,car,person"
2011_003121,"car"
2011_003132,"car,person,train"
2011_003134,"boat"
2011_003149,"train"
2011_003152,"bottle,diningtable,person"
2011_003158,"bottle,chair,diningtable"
2011_003159,"cat,person"
2011_003171,"bird"
2011_003176,"aeroplane,car"
2011_003182,"sofa"
2011_003187,"train"
2011_003260,"person,train"
2011_003559,"person"
2011_003562,"person"
2011_003691,"person"
2011_003959,"person"
2011_004180,"person"
2011_004546,"person"
2011_004702,"person"
2011_004888,"person"
2011_005033,"person"
2011_005313,"person"
2011_005345,"person"
2011_005439,"person"
2011_005559,"person"
2011_005607,"person"
2011_005678,"person"
2011_005692,"person"
2011_005731,"person"
2011_005910,"person"
2011_006111,"person"
2011_006512,"person"
2011_006800,"person"
2011_006907,"person"
2011_007027,"person"
2012_000040,"person"
2012_000138,"person"
2012_000184,"person"
2012_000227,"person"
2012_000229,"person"
2012_000646,"person"
2012_000660,"person"
2012_000857,"person"
2012_000907,"person"
2012_001198,"person"
2012_001229,"person"
2012_001660,"person"
2012_001692,"person"
2012_001833,"person"
2012_002196,"person"
2012_002279,"person"
2012_002570,"person"
2012_003314,"person"
2012_003368,"person"
2012_003420,"person"
2012_003441,"person"
2012_003561,"person"
2012_003660,"person"
2012_003983,"person"
2012_004158,"person"
